chain,generation,subjID,seqid,seqIN,seqOUT
1,0,1.0,1,412123243134,412123243134
1,0,1.0,2,114323344122,114323344122
1,0,1.0,3,411433422213,411433422213
1,0,1.0,4,224431432113,224431432113
1,0,1.0,5,141342123432,141342123432
1,0,1.0,6,341322141423,341322141423
1,0,1.0,7,144133222413,144133222413
1,0,1.0,8,234214313421,234214313421
1,0,1.0,9,211423233144,211423233144
1,0,1.0,10,432334124112,432334124112
1,0,1.0,11,421234411233,421234411233
1,0,1.0,12,142214133243,142214133243
1,0,1.0,13,112314432234,112314432234
1,0,1.0,14,313224441132,313224441132
1,0,1.0,15,143423412321,143423412321
1,0,1.0,16,431142242331,431142242331
1,0,1.0,17,233211443412,233211443412
1,0,1.0,18,323242314411,323242314411
1,0,1.0,19,432432341211,432432341211
1,0,1.0,20,224231434113,224231434113
1,0,1.0,21,432241313241,432241313241
1,0,1.0,22,231124324134,231124324134
1,0,1.0,23,121313224434,121313224434
1,0,1.0,24,421314234132,421314234132
1,0,1.0,25,233442421131,233442421131
1,0,1.0,26,121243341243,121243341243
1,0,1.0,27,343112243412,343112243412
1,0,1.0,28,341432321214,341432321214
1,0,1.0,29,224143433121,224143433121
1,0,1.0,30,144133224123,144133224123
1,10,1.10,1,24241224,32424124
1,10,1.10,2,1241241243,1241241243
1,10,1.10,3,12431243124,12431243124
1,10,1.10,4,1241241243,1241241243
1,10,1.10,5,23231223123,24232313223
1,10,1.10,6,33133421,331331443
1,10,1.10,7,42421342,4242142
1,10,1.10,8,3434314,323434123
1,10,1.10,9,232312231223,23231231223
1,10,1.10,10,1423142143,1431421423
1,10,1.10,11,24243124243,324241243
1,10,1.10,12,12412412323,124124123123
1,10,1.10,13,1443143143143,1431431443143
1,10,1.10,14,1441441434,144144143
1,10,1.10,15,12412413124243,12412413123
1,10,1.10,16,12412434,12412412434
1,10,1.10,17,13241324,12313241324
1,10,1.10,18,12412412343,1341241241234
1,10,1.10,19,13241324132323,1324132412423
1,10,1.10,20,1342134213243,12413412341234
1,10,1.10,21,24224224134,2424224134
1,10,1.10,22,1241241224124,1241241224124
1,10,1.10,23,132413241324,132413241324
1,10,1.10,24,134213421342,134213421342
1,10,1.10,25,132413241324,132413241324
1,10,1.10,26,1241241243,1241241243
1,10,1.10,27,11131123,11131123
1,10,1.10,28,1241241243,1241241243
1,10,1.10,29,124312431243,124312431243
1,10,1.10,30,1431431423,1431431243
1,1,1.1,1,421234411233,4213442134212431
1,1,1.1,2,144133222413,1241311314224131331
1,1,1.1,3,432432341211,432334214224311
1,1,1.1,4,341432321214,13313334241342431134224131
1,1,1.1,5,323242314411,3341241314241331124213314
1,1,1.1,6,233211443412,1342213124242413124211
1,1,1.1,7,432241313241,43132432131421432
1,1,1.1,8,224431432113,22413132421132242
1,1,1.1,9,411433422213,244213142421331
1,1,1.1,10,142214133243,1442134224211342441
1,1,1.1,11,144133224123,14314324421431
1,1,1.1,12,224231434113,4224313421423134211342
1,1,1.1,13,121243341243,124213144242131424213242
1,1,1.1,14,313224441132,1311331242222241312
1,1,1.1,15,234214313421,1342421324212
1,1,1.1,16,431142242331,134222421324231
1,1,1.1,17,143423412321,1431324131423132
1,1,1.1,18,114323344122,11342133142421342124
1,1,1.1,19,211423233144,214431242132421132
1,1,1.1,20,233442421131,2243221342123412
1,1,1.1,21,112314432234,113123424132424
1,1,1.1,22,141342123432,13241234213422424
1,1,1.1,23,432334124112,43122143214331324
1,1,1.1,24,341322141423,12423142431242123142331
1,1,1.1,25,412123243134,134212432142331423241
1,1,1.1,26,121313224434,132423313242
1,1,1.1,27,421314234132,2421342131342124
1,1,1.1,28,343112243412,3431342132421132324
1,1,1.1,29,224143433121,22414213132314244
1,1,1.1,30,231124324134,2313422413124231424131242
1,2,1.2,1,124213144242131424213242,124124343124
1,2,1.2,2,1342421324212,13241324134242423
1,2,1.2,3,2313422413124231424131242,14231243124342
1,2,1.2,4,2421342131342124,1241241241243
1,2,1.2,5,113123424132424,13242413241132424
1,2,1.2,6,432334214224311,4323124311
1,2,1.2,7,134222421324231,134222241432
1,2,1.2,8,43132432131421432,4314314324
1,2,1.2,9,13241234213422424,13241324
1,2,1.2,10,4213442134212431,1244124414214221
1,2,1.2,11,1241311314224131331,13241132413131
1,2,1.2,12,244213142421331,24241324
1,2,1.2,13,43122143214331324,431431243
1,2,1.2,14,12423142431242123142331,12431242414242
1,2,1.2,15,132423313242,13241343124
1,2,1.2,16,134212432142331423241,124312431243
1,2,1.2,17,1342213124242413124211,12413242132424213241311
1,2,1.2,18,3431342132421132324,4312431342134211241
1,2,1.2,19,22413132421132242,24241324113242224
1,2,1.2,20,2243221342123412,2243243124311324
1,2,1.2,21,214431242132421132,13241124312243131
1,2,1.2,22,11342133142421342124,132411243224
1,2,1.2,23,3341241314241331124213314,3341314134143
1,2,1.2,24,1311331242222241312,1312412222413
1,2,1.2,25,1442134224211342441,14411432431432
1,2,1.2,26,13313334241342431134224131,1333133244243131332442
1,2,1.2,27,14314324421431,1431434214331431
1,2,1.2,28,4224313421423134211342,424213424211342
1,2,1.2,29,1431324131423132,14312431243
1,2,1.2,30,22414213132314244,2413231244
1,3,1.3,1,13241324134242423,13241324132424112431
1,3,1.3,2,134222241432,1344222241
1,3,1.3,3,124124343124,124124343214234
1,3,1.3,4,431431243,4314314232
1,3,1.3,5,4312431342134211241,43124312434324314213
1,3,1.3,6,24241324,24241324
1,3,1.3,7,13241132413131,1324132411132414
1,3,1.3,8,14231243124342,142312432432314432
1,3,1.3,9,2413231244,231421431423
1,3,1.3,10,24241324113242224,2432413241314131313
1,3,1.3,11,124312431243,124312431243
1,3,1.3,12,13241324,132413241324
1,3,1.3,13,2243243124311324,22432243124213
1,3,1.3,14,14411432431432,143124324423
1,3,1.3,15,132411243224,1124122413324
1,3,1.3,16,12431242414242,124124241242424
1,3,1.3,17,4323124311,43231244
1,3,1.3,18,13241124312243131,14414412421312242
1,3,1.3,19,1431434214331431,143142413241
1,3,1.3,20,12413242132424213241311,12412413121431432
1,3,1.3,21,3341314134143,33413341232321
1,3,1.3,22,14312431243,14314312432213
1,3,1.3,23,424213424211342,4242131342421333
1,3,1.3,24,13241343124,1324134324
1,3,1.3,25,1333133244243131332442,133122133441324
1,3,1.3,26,1244124414214221,124124412442141
1,3,1.3,27,1241241241243,1241241241243
1,3,1.3,28,13242413241132424,1324132424132424
1,3,1.3,29,1312412222413,13241342222214
1,3,1.3,30,4314314324,43143143142
1,4,1.4,1,4314314232,431243124231
1,4,1.4,2,43231244,4241432421
1,4,1.4,3,4242131342421333,42421313423124
1,4,1.4,4,142312432432314432,143214231324222
1,4,1.4,5,43143143142,1213142314233214
1,4,1.4,6,143124324423,14312432341
1,4,1.4,7,24241324,242413134321
1,4,1.4,8,133122133441324,1331221331221243
1,4,1.4,9,22432243124213,2243122431234
1,4,1.4,10,13241324132424112431,124312431243343223
1,4,1.4,11,124124241242424,1241241243343
1,4,1.4,12,12412413121431432,12412414321324
1,4,1.4,13,1324132424132424,132413241324332123
1,4,1.4,14,43124312434324314213,4334143231324
1,4,1.4,15,124312431243,124312431243
1,4,1.4,16,33413341232321,334133412431
1,4,1.4,17,14414412421312242,1441441244324
1,4,1.4,18,231421431423,142314321324243
1,4,1.4,19,143142413241,13412413243124
1,4,1.4,20,1324132411132414,13241324132413222224
1,4,1.4,21,1324134324,132414322341324
1,4,1.4,22,13241342222214,1324134213241342
1,4,1.4,23,14314312432213,143143142341
1,4,1.4,24,124124343214234,12412413243243
1,4,1.4,25,1344222241,13221322143432
1,4,1.4,26,2432413241314131313,2324321312121212
1,4,1.4,27,124124412442141,1241241224122412121224
1,4,1.4,28,1124122413324,1112441224112443
1,4,1.4,29,132413241324,132413241324
1,4,1.4,31,1241241241243,1241241241243
1,5,1.5,1,13221322143432,13241324123432112
1,5,1.5,2,4241432421,24243243124
1,5,1.5,3,242413134321,2424131314232214
1,5,1.5,4,1241241224122412121224,1241241224122412121224
1,5,1.5,5,2243122431234,224224322412342
1,5,1.5,6,12412413243243,12412413212341324
1,5,1.5,7,142314321324243,142314321424324
1,5,1.5,8,1241241241243,1241241243
1,5,1.5,9,4334143231324,434342123413324
1,5,1.5,10,1213142314233214,12131423132
1,5,1.5,11,1112441224112443,1112131241243
1,5,1.5,12,124312431243343223,12431243124323324233
1,5,1.5,13,143214231324222,14212412322243
1,5,1.5,14,1331221331221243,133122133122423
1,5,1.5,15,132413241324332123,1324132413243323134213
1,5,1.5,16,12412414321324,12412412341324
1,5,1.5,17,334133412431,3343341243324
1,5,1.5,18,431243124231,4242123423134
1,5,1.5,19,13412413243124,1241341342331234
1,5,1.5,20,143143142341,1431434231432
1,5,1.5,21,13241324132413222224,132413241324222234
1,5,1.5,22,1324134213241342,1324134213241342
1,5,1.5,23,132413241324,132413241324
1,5,1.5,24,1441441244324,14414414344234
1,5,1.5,25,2324321312121212,2323243131212121342
1,5,1.5,26,132414322341324,12424122231324
1,5,1.5,27,1241241243343,12412412433324124
1,5,1.5,28,124312431243,124312431243
1,5,1.5,29,42421313423124,424213423123423
1,5,1.5,30,14312432341,14121323231234
1,6,1.6,1,1324132413243323134213,132413241324134213
1,6,1.6,3,424213423123423,42421342
1,6,1.6,4,2424131314232214,24241324
1,6,1.6,5,12412412341324,1241241234
1,6,1.6,6,2323243131212121342,23232431342
1,6,1.6,7,1324134213241342,1342132413421324
1,6,1.6,8,132413241324,132413241324
1,6,1.6,9,12431243124323324233,124312431243
1,6,1.6,10,12412412433324124,12412412433
1,6,1.6,11,13241324123432112,13241324
1,6,1.6,12,224224322412342,22422431243
1,6,1.6,13,1431434231432,1431431423
1,6,1.6,14,1241341342331234,1241341234
1,6,1.6,15,142314321424324,142314321424
1,6,1.6,16,12131423132,1423142
1,6,1.6,17,1241241243,1241241243
1,6,1.6,18,12424122231324,1241223
1,6,1.6,19,24243243124,2424234123
1,6,1.6,20,434342123413324,4343421
1,6,1.6,22,124312431243,124312431243
1,6,1.6,23,12412413212341324,12412412341
1,6,1.6,24,4242123423134,424214321423
1,6,1.6,25,3343341243324,33433414
1,6,1.6,26,14414414344234,1441441434
1,6,1.6,28,1241241224122412121224,1241241224122411212
1,6,1.6,29,14212412322243,1241421243
1,6,1.6,30,132413241324222234,132413241324
1,6,1.6,31,1112131241243,11121243
1,6,1.6,33,14121323231234,13241324132323
1,6,1.6,34,133122133122423,13312213312
1,7,1.7,1,1241241243,1241241243
1,7,1.7,2,124312431243,1243124321243
1,7,1.7,3,1241341234,1241324143
1,7,1.7,4,142314321424,142314324321
1,7,1.7,5,1241241224122411212,1241224124123411
1,7,1.7,6,4343421,43434241
1,7,1.7,7,2424234123,24243421
1,7,1.7,8,1241223,1241223
1,7,1.7,9,1241421243,1241421243
1,7,1.7,10,1423142,1423142
1,7,1.7,11,132413241324134213,132413213243
1,7,1.7,12,132413241324,132413241324
1,7,1.7,13,42421342,42421342
1,7,1.7,14,124312431243,124312431243
1,7,1.7,15,1241241234,1241241243
1,7,1.7,16,24241324,24241324
1,7,1.7,17,22422431243,224224132413
1,7,1.7,18,33433414,33433414
1,7,1.7,19,1441441434,1441441434
1,7,1.7,20,1431431423,1431431423
1,7,1.7,21,11121243,11121243
1,7,1.7,22,13312213312,13312213121
1,7,1.7,23,13241324,13241324
1,7,1.7,24,23232431342,2323134223231
1,7,1.7,25,424214321423,424214231423
1,7,1.7,26,1342132413421324,1342134213241342
1,7,1.7,27,12412412341,12412412341
1,7,1.7,28,12412412433,12412412433
1,7,1.7,29,132413241324,132413241324
1,7,1.7,30,13241324132323,13241324132323
1,8,1.8,1,1241241243,1241241243
1,8,1.8,2,13312213121,1241241243
1,8,1.8,3,1431431423,1431431423
1,8,1.8,4,24243421,242431243
1,8,1.8,5,33433414,3343124
1,8,1.8,6,1441441434,1441441434
1,8,1.8,7,132413213243,132413241343
1,8,1.8,8,43434241,3434314
1,8,1.8,9,1241421243,1241241243
1,8,1.8,10,12412412341,12412412343
1,8,1.8,11,1342134213241342,1342134213241342
1,8,1.8,12,1241223,1241223
1,8,1.8,13,1241324143,1241324143
1,8,1.8,14,124312431243,124312431243
1,8,1.8,15,13241324,13241324
1,8,1.8,16,2323134223231,2323122323
1,8,1.8,17,132413241324,132413241324
1,8,1.8,18,24241324,24241324
1,8,1.8,19,13241324132323,13241324132323
1,8,1.8,20,142314324321,12431241223
1,8,1.8,21,224224132413,22422413241
1,8,1.8,22,12412412433,1241241223
1,8,1.8,23,424214231423,232312231223
1,8,1.8,24,1241241243,1241241243
1,8,1.8,25,11121243,11121243
1,8,1.8,26,42421342,42421342
1,8,1.8,27,132413241324,132413241324
1,8,1.8,28,1241224124123411,1241241324114
1,8,1.8,29,1243124321243,1243124312
1,8,1.8,30,1423142,142314231
1,9,1.9,1,24241324,24241224
1,9,1.9,2,1241241243,1241241243
1,9,1.9,3,12412412343,12412412343
1,9,1.9,4,1241223,12412434
1,9,1.9,5,3343124,33133421
1,9,1.9,6,1342134213241342,134213421342
1,9,1.9,7,132413241324,132413241324
1,9,1.9,8,1241324143,1443143143143
1,9,1.9,9,1441441434,1441441434
1,9,1.9,10,1241241243,1241241243
1,9,1.9,11,13241324132323,13241324132323
1,9,1.9,12,1431431423,1431431423
1,9,1.9,13,1241241223,12412412323
1,9,1.9,14,1241241243,1241241243
1,9,1.9,15,1241241243,1241241243
1,9,1.9,16,142314231,1423142143
1,9,1.9,18,232312231223,23231223123
1,9,1.9,19,2323122323,232312231223
1,9,1.9,20,1241241324114,1241241224124
1,9,1.9,21,132413241343,1342134213243
1,9,1.9,22,11121243,11131123
1,9,1.9,23,242431243,24243124243
1,9,1.9,24,132413241324,132413241324
1,9,1.9,25,1243124312,12431243124
1,9,1.9,26,42421342,42421342
1,9,1.9,27,124312431243,124312431243
1,9,1.9,28,22422413241,24224224134
1,9,1.9,29,13241324,13241324
1,9,1.9,30,3434314,3434314
1,9,1.9,31,12431241223,12412413124243
2,0,2.0,1,342233111442,342233111442
2,0,2.0,2,221413312344,221413312344
2,0,2.0,3,122441331324,122441331324
2,0,2.0,4,343243124211,343243124211
2,0,2.0,5,311224214343,311224214343
2,0,2.0,6,243334121412,243334121412
2,0,2.0,7,132331422144,132331422144
2,0,2.0,8,323421421413,323421421413
2,0,2.0,9,223423414131,223423414131
2,0,2.0,10,241331124234,241331124234
2,0,2.0,11,132422413143,132422413143
2,0,2.0,12,134211234243,134211234243
2,0,2.0,13,213343244121,213343244121
2,0,2.0,14,321334244121,321334244121
2,0,2.0,15,122433442113,122433442113
2,0,2.0,16,432412143132,432412143132
2,0,2.0,17,422314314231,422314314231
2,0,2.0,18,123214234431,123214234431
2,0,2.0,19,114213324243,114213324243
2,0,2.0,20,123444223131,123444223131
2,0,2.0,21,342341321214,342341321214
2,0,2.0,22,414312241233,414312241233
2,0,2.0,23,241334211423,241334211423
2,0,2.0,24,431313422421,431313422421
2,0,2.0,25,243423111342,243423111342
2,0,2.0,26,321431242134,321431242134
2,0,2.0,27,223114413243,223114413243
2,0,2.0,28,133314244221,133314244221
2,0,2.0,29,231432113442,231432113442
2,0,2.0,30,314243234112,314243234112
2,10,2.10,1,2212214312423,1221223414121
2,10,2.10,2,241234123412322,23123424242314
2,10,2.10,3,412442122343,412442142323
2,10,2.10,4,411241131143,44124413123
2,10,2.10,5,14344214142243,1431441244123
2,10,2.10,6,341234123,34123412
2,10,2.10,7,422422142,422422142
2,10,2.10,8,14231241211423,1423142214343123
2,10,2.10,9,1421314423,1421314423
2,10,2.10,10,124312123343,1243121243
2,10,2.10,11,2323414123,2323414123
2,10,2.10,12,412341224,412341224
2,10,2.10,13,12231411234,123441232
2,10,2.10,14,124312143,12431243
2,10,2.10,15,42142413,42142321
2,10,2.10,16,114311431124,1143114312
2,10,2.10,17,12341123,12344123
2,10,2.10,18,41241222142,4124122241
2,10,2.10,19,1244123443,124412443
2,10,2.10,20,412341234,412341234
2,10,2.10,21,113211342134,1123112424413
2,10,2.10,22,411341123,411234123
2,10,2.10,23,412342133,412342133
2,10,2.10,24,1123112411421,441231234423
2,10,2.10,25,1142114113,11421143
2,10,2.10,26,1432223142223,142214343
2,10,2.10,27,1432143114232,14314231422
2,10,2.10,28,123141423,123141423
2,10,2.10,29,1142314231123,14231123443
2,10,2.10,30,1432142342,14234232
2,1,2.1,1,323421421413,342134231
2,1,2.1,2,134211234243,4143124213
2,1,2.1,3,422314314231,4123342124
2,1,2.1,4,133314244221,11333124213
2,1,2.1,5,414312241233,42312442123
2,1,2.1,6,342233111442,213421342
2,1,2.1,7,321334244121,34124431243
2,1,2.1,8,311224214343,311423412343
2,1,2.1,9,431313422421,43121344213
2,1,2.1,10,243423111342,4232111132342
2,1,2.1,11,123444223131,1234214213
2,1,2.1,12,343243124211,3421342114
2,1,2.1,13,114213324243,112114232443
2,1,2.1,14,231432113442,34432142132134212
2,1,2.1,15,243334121412,243421243213
2,1,2.1,16,223423414131,4213421232124
2,1,2.1,17,221413312344,22341241414
2,1,2.1,18,321431242134,412434234212
2,1,2.1,19,122441331324,1243421243
2,1,2.1,20,342341321214,12443421214
2,1,2.1,21,314243234112,314213414
2,1,2.1,22,241331124234,24131241244
2,1,2.1,23,123214234431,123124421412
2,1,2.1,24,122433442113,1234211243
2,1,2.1,25,132422413143,11434211143
2,1,2.1,26,213343244121,242113421
2,1,2.1,27,132331422144,14131421242141212441241414342141
2,1,2.1,28,223114413243,22342124413
2,1,2.1,29,241334211423,2431214214243
2,1,2.1,30,432412143132,432414342
2,2,2.2,1,412434234212,414234142
2,2,2.2,2,34124431243,341211342
2,2,2.2,3,43121344213,43121141423
2,2,2.2,4,2431214214243,24311414241
2,2,2.2,5,243421243213,24342141421
2,2,2.2,6,4213421232124,421342142413
2,2,2.2,7,1243421243,1243241243
2,2,2.2,8,4143124213,4143141213
2,2,2.2,9,342134231,3421342413
2,2,2.2,10,1234214213,123421343
2,2,2.2,11,112114232443,112113414321
2,2,2.2,12,213421342,213421342
2,2,2.2,13,11333124213,1133314241
2,2,2.2,14,123124421412,1234121432
2,2,2.2,15,432414342,431241432
2,2,2.2,16,24131241244,2413224141
2,2,2.2,17,34432142132134212,3412123421143
2,2,2.2,18,22342124413,22342111423
2,2,2.2,19,1234211243,12341221143
2,2,2.2,20,22341241414,223414124
2,2,2.2,21,3421342114,3421342112
2,2,2.2,22,242113421,242112434
2,2,2.2,23,42312442123,421441323
2,2,2.2,24,311423412343,31213141323
2,2,2.2,25,11434211143,1143142143
2,2,2.2,26,314213414,314231421
2,2,2.2,27,4123342124,4123312414
2,2,2.2,28,14131421242141212441241414342141,14121433142414142213
2,2,2.2,29,4232111132342,423241113124
2,2,2.2,30,12443421214,12131412143
2,3,2.3,1,421342142413,421432134241323
2,3,2.3,2,24311414241,42234114234132
2,3,2.3,3,2413224141,42243411324123
2,3,2.3,4,223414124,2234141324
2,3,2.3,5,4143141213,434124311324
2,3,2.3,6,314231421,31324134211
2,3,2.3,7,1234121432,12341231242
2,3,2.3,8,4123312414,41234123142
2,3,2.3,9,12131412143,12114131243
2,3,2.3,10,414234142,4142341423
2,3,2.3,11,43121141423,423214211423
2,3,2.3,12,24342141421,243221421423
2,3,2.3,13,31213141323,31321341423
2,3,2.3,14,123421343,123412343
2,3,2.3,15,423241113124,4234111423
2,3,2.3,16,112113414321,1121143214323
2,3,2.3,17,341211342,3421411342
2,3,2.3,18,3421342112,3421243321342
2,3,2.3,19,1133314241,1133313423
2,3,2.3,20,213421342,2134221342
2,3,2.3,21,3412123421143,43214321212432
2,3,2.3,22,3421342413,3421342213
2,3,2.3,23,1143142143,1143142143
2,3,2.3,24,1243241243,124321243
2,3,2.3,25,421441323,4243214211423
2,3,2.3,26,14121433142414142213,1421432142324321423
2,3,2.3,27,22342111423,2234111423
2,3,2.3,28,12341221143,12341244123423
2,3,2.3,29,431241432,432124311324
2,3,2.3,30,242112434,2243211342
2,4,2.4,1,2134221342,2133421344
2,4,2.4,2,421432134241323,42134223143
2,4,2.4,3,12114131243,1234124311243
2,4,2.4,4,2243211342,22132214231243
2,4,2.4,5,423214211423,11423114233241
2,4,2.4,6,31324134211,132213221143231
2,4,2.4,7,12341231242,123124123124
2,4,2.4,8,243221421423,123123243324
2,4,2.4,9,1133313423,11311243
2,4,2.4,10,1421432142324321423,14231423114311243
2,4,2.4,11,43214321212432,4312431243122431
2,4,2.4,12,123412343,12431234
2,4,2.4,13,2234111423,224224311343
2,4,2.4,14,12341244123423,123123441243
2,4,2.4,15,42243411324123,144231422343
2,4,2.4,16,124321243,124311243
2,4,2.4,17,432124311324,43112432212343
2,4,2.4,18,3421243321342,23231124323413
2,4,2.4,19,31321341423,3132241342
2,4,2.4,20,42234114234132,4221344222134
2,4,2.4,21,434124311324,434423114323
2,4,2.4,22,3421342213,43234311423
2,4,2.4,23,2234141324,22322114342143
2,4,2.4,24,3421411342,411341123
2,4,2.4,25,4142341423,412341234423
2,4,2.4,26,1143142143,11431124311423
2,4,2.4,27,41234123142,412341231123
2,4,2.4,28,4234111423,423113423
2,4,2.4,29,4243214211423,423114234231143
2,4,2.4,30,1121143214323,112114311211432
2,5,2.5,1,23231124323413,232311242213112
2,5,2.5,2,22322114342143,2233221241321143
2,5,2.5,3,123124123124,123124123124
2,5,2.5,4,11431124311423,1143114211234
2,5,2.5,5,11311243,11311243
2,5,2.5,6,132213221143231,112211231114223
2,5,2.5,7,4221344222134,422134422231
2,5,2.5,8,224224311343,22422422311423
2,5,2.5,9,12431234,12431234
2,5,2.5,10,423114234231143,423423314241143
2,5,2.5,11,144231422343,1224311423224123
2,5,2.5,13,123123243324,2212131231422113
2,5,2.5,14,112114311211432,1123114211243
2,5,2.5,15,11423114233241,1124311243312434
2,5,2.5,16,423113423,423113423
2,5,2.5,17,14231423114311243,114311431124113
2,5,2.5,18,2133421344,211241142
2,5,2.5,19,3132241342,312311424131
2,5,2.5,20,42134223143,422342134
2,5,2.5,21,124311243,12431123
2,5,2.5,22,4312431243122431,441244124421112
2,5,2.5,23,43112432212343,44123243
2,5,2.5,24,411341123,411341123
2,5,2.5,25,412341234423,412341234423
2,5,2.5,26,43234311423,432341123
2,5,2.5,27,123123441243,123123442131
2,5,2.5,28,434423114323,442341231123443
2,5,2.5,29,1234124311243,1124114311423
2,5,2.5,30,412341231123,4123421234213112
2,5,2.5,31,22132214231243,221422132423112
2,6,2.6,1,423113423,42311423
2,6,2.6,2,44123243,441243423
2,6,2.6,3,211241142,212214321
2,6,2.6,4,123124123124,123124123124
2,6,2.6,5,4123421234213112,412341234
2,6,2.6,6,441244124421112,412412421112
2,6,2.6,7,232311242213112,2323124214
2,6,2.6,8,2233221241321143,22332214214
2,6,2.6,9,1224311423224123,1234124321143
2,6,2.6,10,423423314241143,4233423124
2,6,2.6,11,1143114211234,11431142113
2,6,2.6,12,221422132423112,2214221322113
2,6,2.6,13,12431234,14231423
2,6,2.6,14,411341123,41134213
2,6,2.6,15,123123442131,1243124314423
2,6,2.6,16,12431123,12431123
2,6,2.6,17,2212131231422113,22121223214
2,6,2.6,18,412341234423,41234123423
2,6,2.6,19,312311424131,3124312412
2,6,2.6,20,22422422311423,224224223123
2,6,2.6,21,442341231123443,44234421344231
2,6,2.6,22,422134422231,4221342221
2,6,2.6,23,1124114311423,11242112431142
2,6,2.6,24,1123114211243,1124112311243
2,6,2.6,25,432341123,43214324
2,6,2.6,26,11311243,11311243
2,6,2.6,27,112211231114223,1123112411243
2,6,2.6,28,1124311243312434,1124311243234
2,6,2.6,29,114311431124113,114311431124
2,6,2.6,30,422342134,422342134224
2,7,2.7,1,412341234,412341234
2,7,2.7,2,22121223214,221222432314
2,7,2.7,3,42311423,44123114
2,7,2.7,4,114311431124,114311431124
2,7,2.7,5,14231423,14231423
2,7,2.7,6,1124112311243,1124112311243
2,7,2.7,7,41234123423,41234123412
2,7,2.7,8,212214321,44122143214
2,7,2.7,9,1243124314423,1423142314423
2,7,2.7,10,224224223123,2242242212324
2,7,2.7,12,44234421344231,4442344241342
2,7,2.7,13,441243423,44124233
2,7,2.7,14,11431142113,1142114321
2,7,2.7,15,1123112411243,11241123243
2,7,2.7,16,3124312412,3124312412
2,7,2.7,17,422342134224,42134223412
2,7,2.7,18,412412421112,412412422214
2,7,2.7,19,11311243,112113412
2,7,2.7,20,4233423124,4234112423
2,7,2.7,21,41134213,41134213
2,7,2.7,22,43214324,412432412
2,7,2.7,23,123124123124,12312412143
2,7,2.7,24,12431123,12431143
2,7,2.7,25,2323124214,232314214
2,7,2.7,26,11242112431142,11241132214
2,7,2.7,27,2214221322113,22142213214
2,7,2.7,28,1124311243234,1124311243214
2,7,2.7,29,1234124321143,1231223412
2,7,2.7,30,22332214214,22332213243
2,7,2.7,31,4221342221,4221342221
2,8,2.8,1,412341234,412341234
2,8,2.8,2,4234112423,412342341123
2,8,2.8,3,1423142314423,1423142311423
2,8,2.8,4,12431143,12431143
2,8,2.8,5,44122143214,14231421123
2,8,2.8,6,12312412143,1243141423
2,8,2.8,7,114311431124,114311431124
2,8,2.8,9,4221342221,1342221342223
2,8,2.8,10,22142213214,22132214223
2,8,2.8,12,14231423,142341423
2,8,2.8,13,221222432314,221423221223
2,8,2.8,14,4442344241342,444231414423
2,8,2.8,15,41134213,421342133
2,8,2.8,16,11241123243,112411231442
2,8,2.8,17,412412422214,4124124122214
2,8,2.8,18,22332213243,22144213122
2,8,2.8,19,41234123412,412341234122
2,8,2.8,20,1231223412,123413122413
2,8,2.8,21,412432412,412341224
2,8,2.8,22,3124312412,3412341243
2,8,2.8,23,1124311243214,12341123
2,8,2.8,24,1142114321,114211431242
2,8,2.8,25,232314214,232314214
2,8,2.8,26,42134223412,42134133421
2,8,2.8,27,44124233,4214423
2,8,2.8,28,112113412,1142114113
2,8,2.8,29,11241132214,143211343
2,8,2.8,30,2242242212324,4224221422
2,8,2.8,31,1124112311243,411241113413
2,8,2.8,32,44123114,411341142
2,9,2.9,1,421342133,412342133
2,9,2.9,2,112411231442,1244123443
2,9,2.9,3,4124124122214,41241222142
2,9,2.9,4,12341123,12341123
2,9,2.9,5,411241113413,411241131143
2,9,2.9,6,114211431242,1123112411421
2,9,2.9,7,4214423,42142413
2,9,2.9,8,1142114113,1142114113
2,9,2.9,9,412342341123,1421314423
2,9,2.9,10,1423142311423,1142314231123
2,9,2.9,11,123413122413,12231411234
2,9,2.9,12,143211343,113211342134
2,9,2.9,13,42134133421,1432143114232
2,9,2.9,14,1342221342223,1432223142223
2,9,2.9,15,142341423,1432142342
2,9,2.9,16,412341234,412341234
2,9,2.9,17,12431143,124312143
2,9,2.9,18,22132214223,124312123343
2,9,2.9,19,444231414423,14344214142243
2,9,2.9,20,14231421123,14231241211423
2,9,2.9,21,3412341243,341234123
2,9,2.9,22,114311431124,114311431124
2,9,2.9,23,411341142,411341123
2,9,2.9,24,412341224,412341224
2,9,2.9,25,22144213122,412442122343
2,9,2.9,26,412341234122,241234123412322
2,9,2.9,27,232314214,2323414123
2,9,2.9,28,4224221422,422422142
2,9,2.9,29,221423221223,2212214312423
2,9,2.9,30,1243141423,123141423
3,0,3.0,1,314414123322,314414123322
3,0,3.0,2,341411222433,341411222433
3,0,3.0,3,312312421443,312312421443
3,0,3.0,4,332242143114,332242143114
3,0,3.0,5,413243213124,413243213124
3,0,3.0,6,211333142442,211333142442
3,0,3.0,7,342124142313,342124142313
3,0,3.0,8,423123121344,423123121344
3,0,3.0,9,442311233214,442311233214
3,0,3.0,10,143424221313,143424221313
3,0,3.0,11,124214332143,124214332143
3,0,3.0,12,131414432322,131414432322
3,0,3.0,13,333412114224,333412114224
3,0,3.0,14,241144323231,241144323231
3,0,3.0,15,231143234412,231143234412
3,0,3.0,16,342144212133,342144212133
3,0,3.0,17,434432322111,434432322111
3,0,3.0,18,314311432242,314311432242
3,0,3.0,19,323242413141,323242413141
3,0,3.0,20,343214134122,343214134122
3,0,3.0,21,113423214234,113423214234
3,0,3.0,22,433114213224,433114213224
3,0,3.0,23,441211243323,441211243323
3,0,3.0,24,214334322141,214334322141
3,0,3.0,25,243211234413,243211234413
3,0,3.0,26,242321133441,242321133441
3,0,3.0,27,342112342413,342112342413
3,0,3.0,28,224413134132,224413134132
3,0,3.0,29,114312324324,114312324324
3,0,3.0,30,421343122341,421343122341
3,10,3.10,1,43144311,43431124
3,10,3.10,2,33332343,33332433
3,10,3.10,3,12431243,12231223
3,10,3.10,4,122341243,12231243
3,10,3.10,5,2223212324,22232124
3,10,3.10,6,222321242133,2221422233
3,10,3.10,7,1243123412431,1243123412431
3,10,3.10,8,23231134,232314113
3,10,3.10,9,143332123,12312333
3,10,3.10,10,2124324321,2432434
3,10,3.10,11,1243124312123,1243124312121
3,10,3.10,12,431143424,434311243
3,10,3.10,13,344313442443,2434311243
3,10,3.10,14,2411243,12431143
3,10,3.10,15,21224312124311,121244122312
3,10,3.10,16,34343412412443,3434343112431
3,10,3.10,17,2133214343214234,11244213
3,10,3.10,18,14431242,1424124
3,10,3.10,19,43224324,12431313
3,10,3.10,20,1124312423431,11243112334
3,10,3.10,21,12143214443,121312444332
3,10,3.10,22,33223143,3322143
3,10,3.10,23,22212123242421,2424213424213442
3,10,3.10,24,2321123,23232114
3,10,3.10,25,23332143,2323114
3,10,3.10,26,4333212343332123,4333212412433312
3,10,3.10,27,21232423214333,124433124432
3,10,3.10,28,2133214313,232144241313
3,10,3.10,29,212324242333,141423332
3,10,3.10,30,21232442321,2124344321
3,1,3.1,1,214334322141,21431441342
3,1,3.1,2,343214134122,1431423134
3,1,3.1,3,114312324324,1431234342
3,1,3.1,4,332242143114,33221431234
3,1,3.1,5,413243213124,4132413214
3,1,3.1,6,333412114224,333121412412
3,1,3.1,7,211333142442,1321441434
3,1,3.1,8,341411222433,341442314233
3,1,3.1,10,342144212133,13421431232
3,1,3.1,11,224413134132,241341321324
3,1,3.1,12,314414123322,31431443233
3,1,3.1,13,131414432322,111314412133
3,1,3.1,14,442311233214,442311234234
3,1,3.1,15,231143234412,234231443412
3,1,3.1,16,241144323231,2343142424
3,1,3.1,17,434432322111,434224311
3,1,3.1,18,124214332143,1231421311
3,1,3.1,19,314311432242,14321433224
3,1,3.1,20,423123121344,1231243142
3,1,3.1,21,113423214234,1134243211
3,1,3.1,22,342112342413,3421432143
3,1,3.1,23,441211243323,4312112433
3,1,3.1,24,342124142313,1241342143
3,1,3.1,25,243211234413,243212344
3,1,3.1,26,433114213224,44321431342
3,1,3.1,27,421343122341,4321431243
3,1,3.1,28,143424221313,1432431212
3,1,3.1,29,323242413141,3232421341
3,1,3.1,30,242321133441,24232411143
3,1,3.1,31,312312421443,31231234123
3,2,3.2,1,44321431342,443121132
3,2,3.2,2,341442314233,241232213
3,2,3.2,3,442311234234,4423142322
3,2,3.2,4,1431423134,142311234
3,2,3.2,6,4132413214,41321324
3,2,3.2,7,1431234342,14312342
3,2,3.2,8,4321431243,432123432
3,2,3.2,9,14321433224,143214322334
3,2,3.2,10,31231234123,31231234123
3,2,3.2,11,243212344,2431134
3,2,3.2,12,241341321324,2413213134
3,2,3.2,13,1231243142,1231241342
3,2,3.2,14,3232421341,32324213
3,2,3.2,15,234231443412,232341223124
3,2,3.2,16,3421432143,43123232
3,2,3.2,17,2343142424,23132432
3,2,3.2,18,21431441342,214311242
3,2,3.2,19,111314412133,1113211421
3,2,3.2,21,1134243211,113243214
3,2,3.2,22,4312112433,43121143
3,2,3.2,23,1241342143,132431243
3,2,3.2,24,1321441434,14213324
3,2,3.2,25,31431443233,321422143
3,2,3.2,26,1231421311,123412331
3,2,3.2,27,333121412412,33312412332
3,2,3.2,28,13421431232,14231422
3,2,3.2,29,24232411143,24231124
3,2,3.2,30,1432431212,12432213
3,2,3.2,31,33221431234,33222123124
3,2,3.2,32,434224311,43243112
3,3,3.3,1,41321324,412341231
3,3,3.3,2,23132432,2313243
3,3,3.3,3,232341223124,343431243
3,3,3.3,4,12432213,124312443
3,3,3.3,5,443121132,443121123
3,3,3.3,6,4423142322,4412124423
3,3,3.3,7,241232213,241233243
3,3,3.3,8,143214322334,123412342343
3,3,3.3,9,142311234,124311423
3,3,3.3,10,32324213,32321243
3,3,3.3,11,1113211421,1132132423
3,3,3.3,12,132431243,1324313243
3,3,3.3,13,33312412332,33312412433
3,3,3.3,14,14312342,1431243
3,3,3.3,15,2413213134,14231243
3,3,3.3,16,14213324,142313423
3,3,3.3,17,43121143,431121343
3,3,3.3,18,321422143,32412134
3,3,3.3,19,43243112,4312433124
3,3,3.3,20,214311242,214322413
3,3,3.3,21,1231241342,123124343
3,3,3.3,23,123412331,124123314
3,3,3.3,24,14231422,14231422
3,3,3.3,25,43123232,43124343
3,3,3.3,26,432123432,43212423
3,3,3.3,27,24231124,24321241
3,3,3.3,28,31231234123,1231231423143
3,3,3.3,29,33222123124,33124312433
3,3,3.3,30,113243214,1123312433
3,3,3.3,31,2431134,24311423
3,4,3.4,1,123124343,124312433
3,4,3.4,2,1123312433,33243112433
3,4,3.4,3,343431243,32343122
3,4,3.4,4,443121123,2231223
3,4,3.4,5,1431243,32431243
3,4,3.4,7,124311423,4124343123
3,4,3.4,8,124312443,124312443
3,4,3.4,9,43212423,2312443
3,4,3.4,10,142313423,424312243
3,4,3.4,11,24311423,22431124
3,4,3.4,12,1132132423,11234423
3,4,3.4,13,1324313243,1324313243
3,4,3.4,15,124123314,12433124
3,4,3.4,16,14231243,14231422
3,4,3.4,17,241233243,24123244
3,4,3.4,18,2313243,2313244
3,4,3.4,20,4412124423,44122443
3,4,3.4,21,1231231423143,1243122343
3,4,3.4,22,24321241,2431243
3,4,3.4,23,32412134,32432134
3,4,3.4,24,431121343,2311243
3,4,3.4,25,4312433124,4312243
3,4,3.4,26,32321243,32321243
3,4,3.4,28,214322413,22133243
3,4,3.4,29,412341231,412341234
3,4,3.4,31,33312412433,3331243124
3,4,3.4,32,123412342343,124312342123
3,4,3.4,34,33124312433,33224312
3,4,3.4,35,14231422,122314423
3,4,3.4,36,43124343,43124343
3,5,3.5,1,44122443,3444214423
3,5,3.5,2,32343122,344214423
3,5,3.5,3,11234423,11241123443
3,5,3.5,4,122314423,122321223
3,5,3.5,5,32321243,3432324123
3,5,3.5,6,4124343123,3142314243
3,5,3.5,7,22431124,223141243142
3,5,3.5,8,32432134,31243123
3,5,3.5,9,3331243124,321114231423
3,5,3.5,10,33243112433,332143214222143
3,5,3.5,11,124312443,1243142443
3,5,3.5,12,2231223,2224231243
3,5,3.5,13,12433124,1243124
3,5,3.5,14,124312433,124312433
3,5,3.5,15,2312443,2431243
3,5,3.5,16,2313244,2312443
3,5,3.5,17,14231422,14231222
3,5,3.5,18,1243122343,12431123443
3,5,3.5,19,2431243,2431243
3,5,3.5,20,22133243,12214431243
3,5,3.5,21,24123244,2314243
3,5,3.5,22,4312243,4312243
3,5,3.5,24,124312342123,1243123443
3,5,3.5,26,424312243,243431224
3,5,3.5,27,412341234,2341231223434123
3,5,3.5,28,33224312,3322412
3,5,3.5,29,32431243,31243124
3,5,3.5,30,1324313243,132431213243
3,5,3.5,31,2311243,23231423
3,5,3.5,32,43124343,43124343
3,6,3.6,1,12431123443,1243114423
3,6,3.6,2,11241123443,112411443243
3,6,3.6,3,1243124,1243124
3,6,3.6,4,132431213243,132431213243
3,6,3.6,5,1243142443,12431244243
3,6,3.6,6,3322412,3322412
3,6,3.6,7,3432324123,34341243213
3,6,3.6,8,43124343,43124343
3,6,3.6,9,2314243,4321243
3,6,3.6,10,332143214222143,332143214332214
3,6,3.6,11,223141243142,22311422321432
3,6,3.6,12,2224231243,2224131442
3,6,3.6,13,23231423,23231423
3,6,3.6,14,321114231423,321114231423
3,6,3.6,15,31243124,31243124
3,6,3.6,16,2431243,2431243
3,6,3.6,17,2341231223434123,12431244312434443
3,6,3.6,18,12214431243,12214412431243
3,6,3.6,19,31243123,31243124
3,6,3.6,20,2431243,2431243
3,6,3.6,21,4312243,43212443
3,6,3.6,22,14231222,14231222
3,6,3.6,23,2312443,2314423
3,6,3.6,24,243431224,2432431124
3,6,3.6,25,344214423,32241223
3,6,3.6,26,3142314243,312241243
3,6,3.6,27,3444214423,344421443
3,6,3.6,28,122321223,122321223
3,6,3.6,29,124312433,124312433
3,6,3.6,30,1243123443,1243123443
3,7,3.7,1,43124343,43144343
3,7,3.7,2,332143214332214,3341233143233
3,7,3.7,3,321114231423,331444142321143
3,7,3.7,4,4321243,4321243
3,7,3.7,5,3322412,33223421
3,7,3.7,6,2432431124,2432431124
3,7,3.7,7,112411443243,112411243243
3,7,3.7,8,2224131442,22212431124
3,7,3.7,9,124312433,124312433
3,7,3.7,10,12431244312434443,124312443124443
3,7,3.7,11,12214412431243,31443122431223
3,7,3.7,12,1243123443,1243123423
3,7,3.7,13,1243114423,1243114243
3,7,3.7,14,32241223,32241223
3,7,3.7,15,1243124,1243124
3,7,3.7,16,31243124,31243124
3,7,3.7,17,2314423,2314423
3,7,3.7,18,23231423,232314423
3,7,3.7,19,344421443,344412443
3,7,3.7,20,12431244243,12431244243
3,7,3.7,21,312241243,31243144243
3,7,3.7,22,34341243213,33434124314323
3,7,3.7,23,31243124,31243124
3,7,3.7,24,2431243,2431243
3,7,3.7,25,43212443,43212443
3,7,3.7,26,122321223,122321223
3,7,3.7,27,22311422321432,2232122323221232
3,7,3.7,28,2431243,2431243
3,7,3.7,29,132431213243,132412341243
3,7,3.7,30,14231222,14231222
3,8,3.8,1,122321223,1222431243
3,8,3.8,2,22212431124,2221432143
3,8,3.8,3,43144343,4314443143
3,8,3.8,4,2432431124,4243243112431
3,8,3.8,5,2232122323221232,2223232123
3,8,3.8,6,2314423,2311123
3,8,3.8,7,3341233143233,222312322234314232
3,8,3.8,8,344412443,33343143
3,8,3.8,9,43212443,43143443
3,8,3.8,10,1243124,124312431
3,8,3.8,11,31243124,2142322243
3,8,3.8,12,124312433,12432124333
3,8,3.8,13,112411243243,11243112343
3,8,3.8,14,31243124,31243231243
3,8,3.8,15,2431243,2431243
3,8,3.8,16,33434124314323,3332423322212432143
3,8,3.8,17,1243114243,214321443
3,8,3.8,18,1243123423,12431234241
3,8,3.8,19,31443122431223,23124433124443
3,8,3.8,20,14231222,14231222
3,8,3.8,21,124312443124443,21243214321222432143
3,8,3.8,22,4321243,43211143
3,8,3.8,23,31243144243,3142224331243
3,8,3.8,24,2431243,21432143
3,8,3.8,25,33223421,3322321
3,8,3.8,26,232314423,232311143
3,8,3.8,27,12431244243,212224321222431
3,8,3.8,28,32241223,23332143
3,8,3.8,29,132412341243,1243124311
3,8,3.8,30,331444142321143,212342111234241
3,9,3.9,1,2221432143,2223212324
3,9,3.9,2,232311143,23231134
3,9,3.9,3,4243243112431,34343412412443
3,9,3.9,4,11243112343,1124312423431
3,9,3.9,5,214321443,2133214313
3,9,3.9,6,21243214321222432143,2133214343214234
3,9,3.9,7,23332143,23332143
3,9,3.9,8,12432124333,21232423214333
3,9,3.9,9,2431243,2411243
3,9,3.9,10,2142322243,2124324321
3,9,3.9,11,1243124311,1243124312123
3,9,3.9,12,212224321222431,21224312124311
3,9,3.9,13,12431234241,1243123412431
3,9,3.9,14,1222431243,122341243
3,9,3.9,15,124312431,12431243
3,9,3.9,16,31243231243,344313442443
3,9,3.9,17,43211143,43224324
3,9,3.9,18,3332423322212432143,4333212343332123
3,9,3.9,19,3142224331243,143332123
3,9,3.9,20,14231222,14431242
3,9,3.9,21,4314443143,431143424
3,9,3.9,22,43143443,43144311
3,9,3.9,23,21432143,12143214443
3,9,3.9,24,3322321,33223143
3,9,3.9,25,33343143,33332343
3,9,3.9,26,2311123,2321123
3,9,3.9,27,23124433124443,212324242333
3,9,3.9,28,2223232123,222321242133
3,9,3.9,29,212342111234241,21232442321
3,9,3.9,30,222312322234314232,22212123242421
4,0,4.0,1,413232124341,413232124341
4,0,4.0,2,231241243341,231241243341
4,0,4.0,3,421434322113,421434322113
4,0,4.0,4,234142214133,234142214133
4,0,4.0,5,134342131224,134342131224
4,0,4.0,6,311221334424,311221334424
4,0,4.0,7,141333212424,141333212424
4,0,4.0,8,314123423142,314123423142
4,0,4.0,9,211333242414,211333242414
4,0,4.0,10,413423142231,413423142231
4,0,4.0,11,211312342344,211312342344
4,0,4.0,12,131422312443,131422312443
4,0,4.0,13,312134412432,312134412432
4,0,4.0,14,341413422123,341413422123
4,0,4.0,15,211244233134,211244233134
4,0,4.0,16,233114434212,233114434212
4,0,4.0,17,433314214212,433314214212
4,0,4.0,18,114213344232,114213344232
4,0,4.0,19,241211334432,241211334432
4,0,4.0,20,233421234114,233421234114
4,0,4.0,21,242441331321,242441331321
4,0,4.0,22,313242134124,313242134124
4,0,4.0,23,313143214224,313143214224
4,0,4.0,24,131233142424,131233142424
4,0,4.0,25,314112332424,314112332424
4,0,4.0,26,223243311441,223243311441
4,0,4.0,27,324313221414,324313221414
4,0,4.0,28,321331144224,321331144224
4,0,4.0,29,134341232412,134341232412
4,0,4.0,30,412334131224,412334131224
4,10,4.10,1,12431243143,12343124312341
4,10,4.10,2,143134213,1431342
4,10,4.10,3,11321134,11341134
4,10,4.10,4,1234123414,123412344
4,10,4.10,5,134413442,134413442
4,10,4.10,6,124312341243,123412431234124
4,10,4.10,7,132413241,132413241
4,10,4.10,8,11231123,11231123
4,10,4.10,9,134413442,134413442
4,10,4.10,10,12431243,12431243
4,10,4.10,11,34443443444314,3444344344414
4,10,4.10,12,144414421,144414421
4,10,4.10,13,12441244123,124412443
4,10,4.10,14,1143114312,14311431143142
4,10,4.10,15,244414442,244414442
4,10,4.10,16,41241213,41241213
4,10,4.10,17,431131423,44341341324132
4,10,4.10,18,14221422122,14221422122
4,10,4.10,19,413132314,3413413243143
4,10,4.10,20,44134413,44134413
4,10,4.10,21,1424134212,1431421422
4,10,4.10,22,413241321,413241321
4,10,4.10,23,1341341,1341341
4,10,4.10,24,412421124123,34124124123
4,10,4.10,25,412342314,4123412413
4,10,4.10,26,2144313341433,2214321434122
4,10,4.10,27,12431234433434,12341234334434
4,10,4.10,28,13421324124,134213241343
4,10,4.10,29,14331344124,1433134142
4,10,4.10,30,142314231,142314231
4,1,4.1,1,131233142424,1243412341422
4,1,4.1,2,341413422123,12434123441
4,1,4.1,3,241211334432,1243421234421
4,1,4.1,4,421434322113,32414344124341
4,1,4.1,5,433314214212,41443441424431
4,1,4.1,6,234142214133,324324123441241
4,1,4.1,7,231241243341,24123341
4,1,4.1,8,233421234114,233412334
4,1,4.1,9,233114434212,233412334412
4,1,4.1,10,413423142231,414334124341
4,1,4.1,11,242441331321,1243341232421
4,1,4.1,12,314123423142,34123431323431
4,1,4.1,13,321331144224,32414231341
4,1,4.1,14,311221334424,33414324242431
4,1,4.1,15,223243311441,234144341
4,1,4.1,16,324313221414,3412344121
4,1,4.1,17,131422312443,1423412414241
4,1,4.1,18,312134412432,3241343241
4,1,4.1,19,313242134124,32413241
4,1,4.1,20,211333242414,3124344124341
4,1,4.1,21,211244233134,422341223441
4,1,4.1,22,134341232412,124342123441
4,1,4.1,23,141333212424,1424124344143
4,1,4.1,24,134342131224,14324124344
4,1,4.1,25,314112332424,14334143341
4,1,4.1,26,412334131224,12433412341
4,1,4.1,27,114213344232,123441243
4,1,4.1,28,313143214224,34143341234
4,1,4.1,29,413232124341,34143241434
4,1,4.1,30,211312342344,143243441434
4,2,4.2,1,32414344124341,132143241324
4,2,4.2,2,1243412341422,11314124313241324
4,2,4.2,3,124342123441,11243124311
4,2,4.2,4,24123341,1241243124324
4,2,4.2,5,422341223441,42331424
4,2,4.2,6,1424124344143,4414231421412
4,2,4.2,7,34143341234,11234123412341234
4,2,4.2,8,3241343241,132413241321324
4,2,4.2,9,1243421234421,123431242
4,2,4.2,10,41443441424431,411341243124132
4,2,4.2,11,3124344124341,12313243124312
4,2,4.2,12,414334124341,4441324132431
4,2,4.2,13,234144341,41243124213
4,2,4.2,14,233412334,233433421
4,2,4.2,15,14334143341,11422143341
4,2,4.2,16,12433412341,1224313241
4,2,4.2,17,32413241,13241321
4,2,4.2,18,34143241434,341123421
4,2,4.2,19,14324124344,123411423
4,2,4.2,20,3412344121,3124312341214131
4,2,4.2,21,33414324242431,33413234313434312
4,2,4.2,23,32414231341,1134213141324
4,2,4.2,24,12434123441,12341331234
4,2,4.2,25,1243341232421,24123412421234
4,2,4.2,26,143243441434,12441324413243
4,2,4.2,27,324324123441241,3243243121243
4,2,4.2,28,233412334412,2332441322143
4,2,4.2,29,34123431323431,32413241243142
4,2,4.2,30,1423412414241,12231231243124312413
4,2,4.2,31,123441243,1234412341
4,3,4.3,1,132143241324,132431324
4,3,4.3,2,233433421,21334133421
4,3,4.3,3,4414231421412,44142314234
4,3,4.3,4,1241243124324,13123412341321
4,3,4.3,5,11234123412341234,11234123412341234
4,3,4.3,6,1134213141324,11434123432441
4,3,4.3,7,32413241243142,1234123411344
4,3,4.3,8,11243124311,1134123413342
4,3,4.3,9,123431242,12343124
4,3,4.3,10,12441324413243,1244134412443
4,3,4.3,11,41243124213,4124312431
4,3,4.3,12,12313243124312,124312431224134
4,3,4.3,13,24123412421234,2413412341
4,3,4.3,14,13241321,132413243
4,3,4.3,15,411341243124132,44314124314234
4,3,4.3,16,1224313241,4113241341
4,3,4.3,17,4441324132431,4441324132431
4,3,4.3,18,132413241321324,1324132413413424
4,3,4.3,19,341123421,341123412341
4,3,4.3,20,12231231243124312413,124341341234341
4,3,4.3,21,1234412341,123441234341
4,3,4.3,22,11422143341,1142311341
4,3,4.3,23,12341331234,123412311234
4,3,4.3,24,11314124313241324,112411234341
4,3,4.3,25,33413234313434312,4423143412
4,3,4.3,26,3243243121243,32432441243
4,3,4.3,27,123411423,12341123441243
4,3,4.3,28,3124312341214131,3123412344121
4,3,4.3,29,2332441322143,223412343322143
4,3,4.3,30,42331424,42341244123
4,4,4.4,1,4441324132431,4444143444
4,4,4.4,2,4124312431,412441243434
4,4,4.4,3,1234123411344,2134213421341134
4,4,4.4,4,12343124,12343124
4,4,4.4,5,4113241341,41332413
4,4,4.4,6,13123412341321,1312343413143424
4,4,4.4,7,1324132413413424,1324132413421341
4,4,4.4,8,1142311341,1132413
4,4,4.4,9,132431324,1324313
4,4,4.4,10,44314124314234,13431324
4,4,4.4,11,32432441243,324324434412
4,4,4.4,12,21334133421,13244123
4,4,4.4,13,11434123432441,41132411324
4,4,4.4,14,341123412341,412341234123
4,4,4.4,15,12341123441243,123123414124123
4,4,4.4,16,124312431224134,12431243123
4,4,4.4,17,124341341234341,12431243434143
4,4,4.4,18,4423143412,4124412421
4,4,4.4,19,11234123412341234,1231234123412341
4,4,4.4,20,1244134412443,14123412343412
4,4,4.4,21,123412311234,141232343412
4,4,4.4,22,112411234341,12312312443
4,4,4.4,23,42341244123,42341234123
4,4,4.4,24,123441234341,123434141123
4,4,4.4,25,3123412344121,31234123412321
4,4,4.4,26,223412343322143,213324132
4,4,4.4,27,44142314234,444132444144234
4,4,4.4,28,1134123413342,112341121134
4,4,4.4,29,132413243,1324132413
4,4,4.4,30,2413412341,241324132134
4,5,4.5,1,1132413,1132413
4,5,4.5,2,12431243434143,12431243434313
4,5,4.5,3,13244123,13242413
4,5,4.5,4,141232343412,142413241343
4,5,4.5,5,412441243434,41244124343414
4,5,4.5,6,1312343413143424,13413241342414
4,5,4.5,7,13431324,13431342
4,5,4.5,8,31234123412321,314231243412
4,5,4.5,9,14123412343412,1214121324
4,5,4.5,10,12343124,124123412
4,5,4.5,11,123123414124123,123123424123
4,5,4.5,12,1231234123412341,123123412341
4,5,4.5,13,42341234123,423423421423
4,5,4.5,14,41332413,41234123
4,5,4.5,15,12431243123,12431243123
4,5,4.5,16,12312312443,12312312443
4,5,4.5,17,324324434412,324322342143
4,5,4.5,18,4124412421,4214221421
4,5,4.5,19,112341121134,11231124123
4,5,4.5,20,241324132134,241324134231
4,5,4.5,21,444132444144234,44414442434
4,5,4.5,22,412341234123,412341234123
4,5,4.5,23,1324132413421341,1324132413421321
4,5,4.5,24,4444143444,444413441443
4,5,4.5,25,213324132,21432413241
4,5,4.5,27,2134213421341134,2134213421341134
4,5,4.5,28,41132411324,241342132313
4,5,4.5,29,1324132413,1324132413
4,5,4.5,30,123434141123,1234123413314
4,5,4.5,32,1324313,1324131
4,6,4.6,1,1324132413,1324132413
4,6,4.6,2,12431243434313,1324132413443
4,6,4.6,3,41234123,41234123
4,6,4.6,4,142413241343,1324134342
4,6,4.6,5,1234123413314,134213421322
4,6,4.6,6,13431342,13431344
4,6,4.6,7,1132413,11231123
4,6,4.6,8,314231243412,3123314341
4,6,4.6,9,1214121324,1324134313
4,6,4.6,10,123123424123,124312133124
4,6,4.6,11,412341234123,41243134341
4,6,4.6,12,12431243123,1243124343
4,6,4.6,13,1324132413421321,132413241413
4,6,4.6,14,1324131,1324123
4,6,4.6,15,13413241342414,13413421342
4,6,4.6,16,12312312443,123412431243
4,6,4.6,17,44414442434,444144424431
4,6,4.6,18,4214221421,443244124321
4,6,4.6,19,123123412341,124312341241
4,6,4.6,20,241324134231,14231423413
4,6,4.6,21,13242413,13242413
4,6,4.6,22,21432413241,2412141341
4,6,4.6,23,2134213421341134,214322131423
4,6,4.6,24,444413441443,4442144431341
4,6,4.6,25,11231124123,114311231421
4,6,4.6,26,41244124343414,4413442141343431
4,6,4.6,27,241342132313,2413243342143
4,6,4.6,28,124123412,1234123412423
4,6,4.6,29,423423421423,421342434231
4,6,4.6,30,324322342143,421342121423
4,7,4.7,1,1324123,1124123
4,7,4.7,2,124312133124,12431243
4,7,4.7,3,214322131423,21321432143
4,7,4.7,4,124312341241,124312341243
4,7,4.7,6,1324132413443,12441244123
4,7,4.7,7,1324132413,13441344143
4,7,4.7,8,134213421322,13421342132
4,7,4.7,9,132413241413,14221422123
4,7,4.7,10,14231423413,14231423141
4,7,4.7,12,1234123412423,12341234121
4,7,4.7,13,2412141341,2414441
4,7,4.7,14,13413421342,1341341
4,7,4.7,15,1324134342,13241324123
4,7,4.7,16,11231123,11231123
4,7,4.7,17,13242413,1344143
4,7,4.7,18,444144424431,444144424
4,7,4.7,19,4442144431341,244414442
4,7,4.7,20,3123314341,3211231
4,7,4.7,21,41243134341,4143143
4,7,4.7,22,13431344,13441343
4,7,4.7,23,4413442141343431,44134413
4,7,4.7,24,41234123,41234123
4,7,4.7,25,1324134313,1324132413
4,7,4.7,26,443244124321,4434443134
4,7,4.7,28,421342434231,42134212
4,7,4.7,30,1243124343,1243124343
4,7,4.7,31,421342121423,42134212
4,7,4.7,32,114311231421,11431142
4,7,4.7,33,123412431243,12431234343
4,7,4.7,34,2413243342143,14231423
4,8,4.8,1,42134212,42134212
4,8,4.8,2,41234123,41234123
4,8,4.8,3,1243124343,1243124343
4,8,4.8,4,124312341243,124312341243
4,8,4.8,5,14231423,14231423
4,8,4.8,6,4434443134,443444344314
4,8,4.8,7,444144424,444144424
4,8,4.8,8,244414442,244414442
4,8,4.8,9,2414441,2414441
4,8,4.8,10,1344143,1344143
4,8,4.8,11,12431243,12431243
4,8,4.8,12,12341234121,123412341
4,8,4.8,13,14231423141,14231423141
4,8,4.8,14,13241324123,13241324123
4,8,4.8,15,11231123,11231123
4,8,4.8,16,44134413,44134413
4,8,4.8,17,13441344143,13441344143
4,8,4.8,18,12431234343,12431234343
4,8,4.8,19,13441343,13441343
4,8,4.8,20,1341341,1341341
4,8,4.8,21,21321432143,2132134214
4,8,4.8,22,12441244123,12441244123
4,8,4.8,23,14221422123,14221422123
4,8,4.8,24,42134212,421324212
4,8,4.8,25,1324132413,1324132413
4,8,4.8,26,3211231,32143211
4,8,4.8,27,4143143,4121412
4,8,4.8,28,13421342132,13421342132
4,8,4.8,29,1124123,1124113
4,8,4.8,30,11431142,11431142
4,9,4.9,1,13441344143,14331344124
4,9,4.9,2,32143211,431131423
4,9,4.9,3,2132134214,413132314
4,9,4.9,4,13441343,134413442
4,9,4.9,5,1341341,1341341
4,9,4.9,6,41234123,413241321
4,9,4.9,7,11431142,11321134
4,9,4.9,8,1124113,11231123
4,9,4.9,9,244414442,244414442
4,9,4.9,10,14221422123,14221422122
4,9,4.9,11,13241324123,1424134212
4,9,4.9,12,444144424,144414421
4,9,4.9,13,44134413,44134413
4,9,4.9,14,4121412,41241213
4,9,4.9,15,11231123,1143114312
4,9,4.9,16,1243124343,12431243143
4,9,4.9,17,124312341243,124312341243
4,9,4.9,18,443444344314,34443443444314
4,9,4.9,19,13421342132,13421324124
4,9,4.9,20,14231423141,143134213
4,9,4.9,21,42134212,412342314
4,9,4.9,22,14231423,142314231
4,9,4.9,23,12441244123,12441244123
4,9,4.9,24,421324212,412421124123
4,9,4.9,25,123412341,1234123414
4,9,4.9,26,1344143,2144313341433
4,9,4.9,27,1324132413,132413241
4,9,4.9,28,2414441,134413442
4,9,4.9,29,12431234343,12431234433434
4,9,4.9,30,12431243,12431243
